{
    "baseline_metrics": {
        "accuracy": 0.7721788502484032,
        "precision": 0.5592841163310962,
        "recall": 0.6684491978609626,
        "f1": 0.6090133982947625,
        "roc_auc": 0.8310315430520034
    },
    "optimized_metrics": {
        "accuracy": 0.7650816181689141,
        "precision": 0.5567282321899736,
        "recall": 0.5641711229946524,
        "f1": 0.5604249667994687,
        "roc_auc": 0.806489446898654
    },
    "improvements": {
        "Accuracy": -0.92,
        "Precision": -0.46,
        "Recall": -15.6,
        "F1-Score": -7.98,
        "ROC-AUC": -2.95
    }
}